ts,service,metric_name,value
2026-06-12T14:00:00Z,checkout-service,p99_ms,152.5
2026-06-12T14:00:00Z,payments-db-primary,pool_max,100
2026-06-12T14:00:00Z,payments-db-primary,pool_used,42
2026-06-12T14:00:00Z,payments-service,p99_ms,185.4
2026-06-12T14:00:05Z,checkout-service,p99_ms,160.9
2026-06-12T14:00:05Z,payments-db-primary,pool_max,100
2026-06-12T14:00:05Z,payments-db-primary,pool_used,41
2026-06-12T14:00:05Z,payments-service,p99_ms,172.3
2026-06-12T14:00:10Z,checkout-service,p99_ms,149.2
2026-06-12T14:00:10Z,payments-db-primary,pool_max,100
2026-06-12T14:00:10Z,payments-db-primary,pool_used,40
2026-06-12T14:00:10Z,payments-service,p99_ms,175.8
2026-06-12T14:00:15Z,checkout-service,p99_ms,140.3
2026-06-12T14:00:15Z,payments-db-primary,pool_max,100
2026-06-12T14:00:15Z,payments-db-primary,pool_used,40
2026-06-12T14:00:15Z,payments-service,p99_ms,173.9
2026-06-12T14:00:20Z,checkout-service,p99_ms,156.8
2026-06-12T14:00:20Z,payments-db-primary,pool_max,100
2026-06-12T14:00:20Z,payments-db-primary,pool_used,40
2026-06-12T14:00:20Z,payments-service,p99_ms,189.9
2026-06-12T14:00:25Z,checkout-service,p99_ms,154.8
2026-06-12T14:00:25Z,payments-db-primary,pool_max,100
2026-06-12T14:00:25Z,payments-db-primary,pool_used,41
2026-06-12T14:00:25Z,payments-service,p99_ms,168.3
2026-06-12T14:00:30Z,checkout-service,p99_ms,151.5
2026-06-12T14:00:30Z,payments-db-primary,pool_max,100
2026-06-12T14:00:30Z,payments-db-primary,pool_used,43
2026-06-12T14:00:30Z,payments-service,p99_ms,171.3
2026-06-12T14:00:35Z,checkout-service,p99_ms,141.2
2026-06-12T14:00:35Z,payments-db-primary,pool_max,100
2026-06-12T14:00:35Z,payments-db-primary,pool_used,39
2026-06-12T14:00:35Z,payments-service,p99_ms,180.2
2026-06-12T14:00:40Z,checkout-service,p99_ms,141.8
2026-06-12T14:00:40Z,payments-db-primary,pool_max,100
2026-06-12T14:00:40Z,payments-db-primary,pool_used,42
2026-06-12T14:00:40Z,payments-service,p99_ms,164.6
2026-06-12T14:00:45Z,checkout-service,p99_ms,146.2
2026-06-12T14:00:45Z,payments-db-primary,pool_max,100
2026-06-12T14:00:45Z,payments-db-primary,pool_used,38
2026-06-12T14:00:45Z,payments-service,p99_ms,171.8
2026-06-12T14:00:50Z,checkout-service,p99_ms,152.8
2026-06-12T14:00:50Z,payments-db-primary,pool_max,100
2026-06-12T14:00:50Z,payments-db-primary,pool_used,41
2026-06-12T14:00:50Z,payments-service,p99_ms,183.2
2026-06-12T14:00:55Z,checkout-service,p99_ms,152.0
2026-06-12T14:00:55Z,payments-db-primary,pool_max,100
2026-06-12T14:00:55Z,payments-db-primary,pool_used,37
2026-06-12T14:00:55Z,payments-service,p99_ms,178.1
2026-06-12T14:01:00Z,checkout-service,p99_ms,150.0
2026-06-12T14:01:00Z,payments-db-primary,pool_max,100
2026-06-12T14:01:00Z,payments-db-primary,pool_used,43
2026-06-12T14:01:00Z,payments-service,p99_ms,182.7
2026-06-12T14:01:05Z,checkout-service,p99_ms,139.0
2026-06-12T14:01:05Z,payments-db-primary,pool_max,100
2026-06-12T14:01:05Z,payments-db-primary,pool_used,37
2026-06-12T14:01:05Z,payments-service,p99_ms,167.8
2026-06-12T14:01:10Z,checkout-service,p99_ms,155.6
2026-06-12T14:01:10Z,payments-db-primary,pool_max,100
2026-06-12T14:01:10Z,payments-db-primary,pool_used,41
2026-06-12T14:01:10Z,payments-service,p99_ms,176.1
2026-06-12T14:01:15Z,checkout-service,p99_ms,150.9
2026-06-12T14:01:15Z,payments-db-primary,pool_max,100
2026-06-12T14:01:15Z,payments-db-primary,pool_used,42
2026-06-12T14:01:15Z,payments-service,p99_ms,183.0
2026-06-12T14:01:20Z,checkout-service,p99_ms,150.7
2026-06-12T14:01:20Z,payments-db-primary,pool_max,100
2026-06-12T14:01:20Z,payments-db-primary,pool_used,45
2026-06-12T14:01:20Z,payments-service,p99_ms,180.3
2026-06-12T14:01:25Z,checkout-service,p99_ms,149.9
2026-06-12T14:01:25Z,payments-db-primary,pool_max,100
2026-06-12T14:01:25Z,payments-db-primary,pool_used,41
2026-06-12T14:01:25Z,payments-service,p99_ms,178.8
2026-06-12T14:01:30Z,checkout-service,p99_ms,151.4
2026-06-12T14:01:30Z,payments-db-primary,pool_max,100
2026-06-12T14:01:30Z,payments-db-primary,pool_used,43
2026-06-12T14:01:30Z,payments-service,p99_ms,184.0
2026-06-12T14:01:35Z,checkout-service,p99_ms,157.0
2026-06-12T14:01:35Z,payments-db-primary,pool_max,100
2026-06-12T14:01:35Z,payments-db-primary,pool_used,36
2026-06-12T14:01:35Z,payments-service,p99_ms,178.9
2026-06-12T14:01:40Z,checkout-service,p99_ms,146.4
2026-06-12T14:01:40Z,payments-db-primary,pool_max,100
2026-06-12T14:01:40Z,payments-db-primary,pool_used,41
2026-06-12T14:01:40Z,payments-service,p99_ms,172.8
2026-06-12T14:01:45Z,checkout-service,p99_ms,143.8
2026-06-12T14:01:45Z,payments-db-primary,pool_max,100
2026-06-12T14:01:45Z,payments-db-primary,pool_used,35
2026-06-12T14:01:45Z,payments-service,p99_ms,165.8
2026-06-12T14:01:50Z,checkout-service,p99_ms,147.7
2026-06-12T14:01:50Z,payments-db-primary,pool_max,100
2026-06-12T14:01:50Z,payments-db-primary,pool_used,38
2026-06-12T14:01:50Z,payments-service,p99_ms,189.4
2026-06-12T14:01:55Z,checkout-service,p99_ms,151.1
2026-06-12T14:01:55Z,payments-db-primary,pool_max,100
2026-06-12T14:01:55Z,payments-db-primary,pool_used,37
2026-06-12T14:01:55Z,payments-service,p99_ms,178.9
2026-06-12T14:02:00Z,checkout-service,p99_ms,143.8
2026-06-12T14:02:00Z,payments-db-primary,pool_max,100
2026-06-12T14:02:00Z,payments-db-primary,pool_used,39
2026-06-12T14:02:00Z,payments-service,p99_ms,178.8
2026-06-12T14:02:05Z,checkout-service,p99_ms,157.8
2026-06-12T14:02:05Z,payments-db-primary,pool_max,100
2026-06-12T14:02:05Z,payments-db-primary,pool_used,39
2026-06-12T14:02:05Z,payments-service,p99_ms,189.7
2026-06-12T14:02:10Z,checkout-service,p99_ms,146.9
2026-06-12T14:02:10Z,payments-db-primary,pool_max,100
2026-06-12T14:02:10Z,payments-db-primary,pool_used,38
2026-06-12T14:02:10Z,payments-service,p99_ms,182.1
2026-06-12T14:02:15Z,checkout-service,p99_ms,149.9
2026-06-12T14:02:15Z,payments-db-primary,pool_max,100
2026-06-12T14:02:15Z,payments-db-primary,pool_used,42
2026-06-12T14:02:15Z,payments-service,p99_ms,179.8
2026-06-12T14:02:20Z,checkout-service,p99_ms,143.0
2026-06-12T14:02:20Z,payments-db-primary,pool_max,100
2026-06-12T14:02:20Z,payments-db-primary,pool_used,39
2026-06-12T14:02:20Z,payments-service,p99_ms,172.2
2026-06-12T14:02:25Z,checkout-service,p99_ms,152.1
2026-06-12T14:02:25Z,payments-db-primary,pool_max,100
2026-06-12T14:02:25Z,payments-db-primary,pool_used,39
2026-06-12T14:02:25Z,payments-service,p99_ms,174.1
2026-06-12T14:02:30Z,checkout-service,p99_ms,143.7
2026-06-12T14:02:30Z,payments-db-primary,pool_max,100
2026-06-12T14:02:30Z,payments-db-primary,pool_used,39
2026-06-12T14:02:30Z,payments-service,p99_ms,192.4
2026-06-12T14:02:35Z,checkout-service,p99_ms,154.3
2026-06-12T14:02:35Z,payments-db-primary,pool_max,100
2026-06-12T14:02:35Z,payments-db-primary,pool_used,39
2026-06-12T14:02:35Z,payments-service,p99_ms,174.3
2026-06-12T14:02:40Z,checkout-service,p99_ms,144.9
2026-06-12T14:02:40Z,payments-db-primary,pool_max,100
2026-06-12T14:02:40Z,payments-db-primary,pool_used,42
2026-06-12T14:02:40Z,payments-service,p99_ms,175.9
2026-06-12T14:02:45Z,checkout-service,p99_ms,146.6
2026-06-12T14:02:45Z,payments-db-primary,pool_max,100
2026-06-12T14:02:45Z,payments-db-primary,pool_used,41
2026-06-12T14:02:45Z,payments-service,p99_ms,173.3
2026-06-12T14:02:50Z,checkout-service,p99_ms,148.2
2026-06-12T14:02:50Z,payments-db-primary,pool_max,100
2026-06-12T14:02:50Z,payments-db-primary,pool_used,42
2026-06-12T14:02:50Z,payments-service,p99_ms,169.5
2026-06-12T14:02:55Z,checkout-service,p99_ms,145.6
2026-06-12T14:02:55Z,payments-db-primary,pool_max,100
2026-06-12T14:02:55Z,payments-db-primary,pool_used,38
2026-06-12T14:02:55Z,payments-service,p99_ms,174.9
2026-06-12T14:03:00Z,checkout-service,p99_ms,153.2
2026-06-12T14:03:00Z,payments-db-primary,pool_max,100
2026-06-12T14:03:00Z,payments-db-primary,pool_used,42
2026-06-12T14:03:00Z,payments-service,p99_ms,185.0
2026-06-12T14:03:05Z,checkout-service,p99_ms,147.0
2026-06-12T14:03:05Z,payments-db-primary,pool_max,100
2026-06-12T14:03:05Z,payments-db-primary,pool_used,40
2026-06-12T14:03:05Z,payments-service,p99_ms,194.7
2026-06-12T14:03:10Z,checkout-service,p99_ms,156.4
2026-06-12T14:03:10Z,payments-db-primary,pool_max,100
2026-06-12T14:03:10Z,payments-db-primary,pool_used,42
2026-06-12T14:03:10Z,payments-service,p99_ms,192.3
2026-06-12T14:03:15Z,checkout-service,p99_ms,153.2
2026-06-12T14:03:15Z,payments-db-primary,pool_max,100
2026-06-12T14:03:15Z,payments-db-primary,pool_used,43
2026-06-12T14:03:15Z,payments-service,p99_ms,180.6
2026-06-12T14:03:20Z,checkout-service,p99_ms,153.2
2026-06-12T14:03:20Z,payments-db-primary,pool_max,100
2026-06-12T14:03:20Z,payments-db-primary,pool_used,42
2026-06-12T14:03:20Z,payments-service,p99_ms,187.7
2026-06-12T14:03:25Z,checkout-service,p99_ms,146.7
2026-06-12T14:03:25Z,payments-db-primary,pool_max,100
2026-06-12T14:03:25Z,payments-db-primary,pool_used,38
2026-06-12T14:03:25Z,payments-service,p99_ms,188.0
2026-06-12T14:03:30Z,checkout-service,p99_ms,152.3
2026-06-12T14:03:30Z,payments-db-primary,pool_max,100
2026-06-12T14:03:30Z,payments-db-primary,pool_used,42
2026-06-12T14:03:30Z,payments-service,p99_ms,195.4
2026-06-12T14:03:35Z,checkout-service,p99_ms,152.7
2026-06-12T14:03:35Z,payments-db-primary,pool_max,100
2026-06-12T14:03:35Z,payments-db-primary,pool_used,40
2026-06-12T14:03:35Z,payments-service,p99_ms,181.7
2026-06-12T14:03:40Z,checkout-service,p99_ms,149.6
2026-06-12T14:03:40Z,payments-db-primary,pool_max,100
2026-06-12T14:03:40Z,payments-db-primary,pool_used,37
2026-06-12T14:03:40Z,payments-service,p99_ms,182.2
2026-06-12T14:03:45Z,checkout-service,p99_ms,154.7
2026-06-12T14:03:45Z,payments-db-primary,pool_max,100
2026-06-12T14:03:45Z,payments-db-primary,pool_used,41
2026-06-12T14:03:45Z,payments-service,p99_ms,179.4
2026-06-12T14:03:50Z,checkout-service,p99_ms,155.2
2026-06-12T14:03:50Z,payments-db-primary,pool_max,100
2026-06-12T14:03:50Z,payments-db-primary,pool_used,44
2026-06-12T14:03:50Z,payments-service,p99_ms,185.4
2026-06-12T14:03:55Z,checkout-service,p99_ms,146.8
2026-06-12T14:03:55Z,payments-db-primary,pool_max,100
2026-06-12T14:03:55Z,payments-db-primary,pool_used,46
2026-06-12T14:03:55Z,payments-service,p99_ms,177.6
2026-06-12T14:04:00Z,checkout-service,p99_ms,160.0
2026-06-12T14:04:00Z,payments-db-primary,pool_max,100
2026-06-12T14:04:00Z,payments-db-primary,pool_used,40
2026-06-12T14:04:00Z,payments-service,p99_ms,176.5
2026-06-12T14:04:05Z,checkout-service,p99_ms,154.2
2026-06-12T14:04:05Z,payments-db-primary,pool_max,100
2026-06-12T14:04:05Z,payments-db-primary,pool_used,42
2026-06-12T14:04:05Z,payments-service,p99_ms,167.3
2026-06-12T14:04:10Z,checkout-service,p99_ms,144.1
2026-06-12T14:04:10Z,payments-db-primary,pool_max,100
2026-06-12T14:04:10Z,payments-db-primary,pool_used,40
2026-06-12T14:04:10Z,payments-service,p99_ms,177.1
2026-06-12T14:04:15Z,checkout-service,p99_ms,152.0
2026-06-12T14:04:15Z,payments-db-primary,pool_max,100
2026-06-12T14:04:15Z,payments-db-primary,pool_used,43
2026-06-12T14:04:15Z,payments-service,p99_ms,186.8
2026-06-12T14:04:20Z,checkout-service,p99_ms,145.8
2026-06-12T14:04:20Z,payments-db-primary,pool_max,100
2026-06-12T14:04:20Z,payments-db-primary,pool_used,41
2026-06-12T14:04:20Z,payments-service,p99_ms,176.7
2026-06-12T14:04:25Z,checkout-service,p99_ms,147.8
2026-06-12T14:04:25Z,payments-db-primary,pool_max,100
2026-06-12T14:04:25Z,payments-db-primary,pool_used,39
2026-06-12T14:04:25Z,payments-service,p99_ms,174.3
2026-06-12T14:04:30Z,checkout-service,p99_ms,144.0
2026-06-12T14:04:30Z,payments-db-primary,pool_max,100
2026-06-12T14:04:30Z,payments-db-primary,pool_used,39
2026-06-12T14:04:30Z,payments-service,p99_ms,175.7
2026-06-12T14:04:35Z,checkout-service,p99_ms,153.6
2026-06-12T14:04:35Z,payments-db-primary,pool_max,100
2026-06-12T14:04:35Z,payments-db-primary,pool_used,36
2026-06-12T14:04:35Z,payments-service,p99_ms,189.6
2026-06-12T14:04:40Z,checkout-service,p99_ms,154.6
2026-06-12T14:04:40Z,payments-db-primary,pool_max,100
2026-06-12T14:04:40Z,payments-db-primary,pool_used,41
2026-06-12T14:04:40Z,payments-service,p99_ms,179.3
2026-06-12T14:04:45Z,checkout-service,p99_ms,154.2
2026-06-12T14:04:45Z,payments-db-primary,pool_max,100
2026-06-12T14:04:45Z,payments-db-primary,pool_used,40
2026-06-12T14:04:45Z,payments-service,p99_ms,180.7
2026-06-12T14:04:50Z,checkout-service,p99_ms,153.1
2026-06-12T14:04:50Z,payments-db-primary,pool_max,100
2026-06-12T14:04:50Z,payments-db-primary,pool_used,37
2026-06-12T14:04:50Z,payments-service,p99_ms,176.6
2026-06-12T14:04:55Z,checkout-service,p99_ms,145.7
2026-06-12T14:04:55Z,payments-db-primary,pool_max,100
2026-06-12T14:04:55Z,payments-db-primary,pool_used,44
2026-06-12T14:04:55Z,payments-service,p99_ms,168.0
2026-06-12T14:05:00Z,checkout-service,p99_ms,149.7
2026-06-12T14:05:00Z,payments-db-primary,pool_max,100
2026-06-12T14:05:00Z,payments-db-primary,pool_used,43
2026-06-12T14:05:00Z,payments-service,p99_ms,189.6
2026-06-12T14:05:05Z,checkout-service,p99_ms,143.7
2026-06-12T14:05:05Z,payments-db-primary,pool_max,100
2026-06-12T14:05:05Z,payments-db-primary,pool_used,42
2026-06-12T14:05:05Z,payments-service,p99_ms,181.0
2026-06-12T14:05:10Z,checkout-service,p99_ms,146.2
2026-06-12T14:05:10Z,payments-db-primary,pool_max,100
2026-06-12T14:05:10Z,payments-db-primary,pool_used,35
2026-06-12T14:05:10Z,payments-service,p99_ms,183.9
2026-06-12T14:05:15Z,checkout-service,p99_ms,146.0
2026-06-12T14:05:15Z,payments-db-primary,pool_max,100
2026-06-12T14:05:15Z,payments-db-primary,pool_used,41
2026-06-12T14:05:15Z,payments-service,p99_ms,175.3
2026-06-12T14:05:20Z,checkout-service,p99_ms,153.9
2026-06-12T14:05:20Z,payments-db-primary,pool_max,100
2026-06-12T14:05:20Z,payments-db-primary,pool_used,38
2026-06-12T14:05:20Z,payments-service,p99_ms,181.8
2026-06-12T14:05:25Z,checkout-service,p99_ms,146.5
2026-06-12T14:05:25Z,payments-db-primary,pool_max,100
2026-06-12T14:05:25Z,payments-db-primary,pool_used,37
2026-06-12T14:05:25Z,payments-service,p99_ms,171.1
2026-06-12T14:05:30Z,checkout-service,p99_ms,143.8
2026-06-12T14:05:30Z,payments-db-primary,pool_max,100
2026-06-12T14:05:30Z,payments-db-primary,pool_used,42
2026-06-12T14:05:30Z,payments-service,p99_ms,183.0
2026-06-12T14:05:35Z,checkout-service,p99_ms,156.4
2026-06-12T14:05:35Z,payments-db-primary,pool_max,100
2026-06-12T14:05:35Z,payments-db-primary,pool_used,40
2026-06-12T14:05:35Z,payments-service,p99_ms,186.2
2026-06-12T14:05:40Z,checkout-service,p99_ms,143.0
2026-06-12T14:05:40Z,payments-db-primary,pool_max,100
2026-06-12T14:05:40Z,payments-db-primary,pool_used,43
2026-06-12T14:05:40Z,payments-service,p99_ms,178.1
2026-06-12T14:05:45Z,checkout-service,p99_ms,152.6
2026-06-12T14:05:45Z,payments-db-primary,pool_max,100
2026-06-12T14:05:45Z,payments-db-primary,pool_used,42
2026-06-12T14:05:45Z,payments-service,p99_ms,181.0
2026-06-12T14:05:50Z,checkout-service,p99_ms,152.3
2026-06-12T14:05:50Z,payments-db-primary,pool_max,100
2026-06-12T14:05:50Z,payments-db-primary,pool_used,42
2026-06-12T14:05:50Z,payments-service,p99_ms,180.1
2026-06-12T14:05:55Z,checkout-service,p99_ms,141.4
2026-06-12T14:05:55Z,payments-db-primary,pool_max,100
2026-06-12T14:05:55Z,payments-db-primary,pool_used,39
2026-06-12T14:05:55Z,payments-service,p99_ms,178.1
2026-06-12T14:06:00Z,checkout-service,p99_ms,147.2
2026-06-12T14:06:00Z,payments-db-primary,pool_max,100
2026-06-12T14:06:00Z,payments-db-primary,pool_used,41
2026-06-12T14:06:00Z,payments-service,p99_ms,184.1
2026-06-12T14:06:05Z,checkout-service,p99_ms,148.7
2026-06-12T14:06:05Z,payments-db-primary,pool_max,100
2026-06-12T14:06:05Z,payments-db-primary,pool_used,38
2026-06-12T14:06:05Z,payments-service,p99_ms,174.2
2026-06-12T14:06:10Z,checkout-service,p99_ms,143.5
2026-06-12T14:06:10Z,payments-db-primary,pool_max,100
2026-06-12T14:06:10Z,payments-db-primary,pool_used,39
2026-06-12T14:06:10Z,payments-service,p99_ms,172.4
2026-06-12T14:06:15Z,checkout-service,p99_ms,154.8
2026-06-12T14:06:15Z,payments-db-primary,pool_max,100
2026-06-12T14:06:15Z,payments-db-primary,pool_used,41
2026-06-12T14:06:15Z,payments-service,p99_ms,172.7
2026-06-12T14:06:20Z,checkout-service,p99_ms,143.9
2026-06-12T14:06:20Z,payments-db-primary,pool_max,100
2026-06-12T14:06:20Z,payments-db-primary,pool_used,37
2026-06-12T14:06:20Z,payments-service,p99_ms,184.1
2026-06-12T14:06:25Z,checkout-service,p99_ms,149.5
2026-06-12T14:06:25Z,payments-db-primary,pool_max,100
2026-06-12T14:06:25Z,payments-db-primary,pool_used,43
2026-06-12T14:06:25Z,payments-service,p99_ms,183.2
2026-06-12T14:06:30Z,checkout-service,p99_ms,144.8
2026-06-12T14:06:30Z,payments-db-primary,pool_max,100
2026-06-12T14:06:30Z,payments-db-primary,pool_used,43
2026-06-12T14:06:30Z,payments-service,p99_ms,179.7
2026-06-12T14:06:35Z,checkout-service,p99_ms,141.6
2026-06-12T14:06:35Z,payments-db-primary,pool_max,100
2026-06-12T14:06:35Z,payments-db-primary,pool_used,38
2026-06-12T14:06:35Z,payments-service,p99_ms,182.0
2026-06-12T14:06:40Z,checkout-service,p99_ms,142.7
2026-06-12T14:06:40Z,payments-db-primary,pool_max,100
2026-06-12T14:06:40Z,payments-db-primary,pool_used,39
2026-06-12T14:06:40Z,payments-service,p99_ms,175.5
2026-06-12T14:06:45Z,checkout-service,p99_ms,145.5
2026-06-12T14:06:45Z,payments-db-primary,pool_max,100
2026-06-12T14:06:45Z,payments-db-primary,pool_used,34
2026-06-12T14:06:45Z,payments-service,p99_ms,185.1
2026-06-12T14:06:50Z,checkout-service,p99_ms,148.5
2026-06-12T14:06:50Z,payments-db-primary,pool_max,100
2026-06-12T14:06:50Z,payments-db-primary,pool_used,38
2026-06-12T14:06:50Z,payments-service,p99_ms,186.5
2026-06-12T14:06:55Z,checkout-service,p99_ms,151.5
2026-06-12T14:06:55Z,payments-db-primary,pool_max,100
2026-06-12T14:06:55Z,payments-db-primary,pool_used,38
2026-06-12T14:06:55Z,payments-service,p99_ms,172.0
2026-06-12T14:07:00Z,checkout-service,p99_ms,153.3
2026-06-12T14:07:00Z,payments-db-primary,pool_max,100
2026-06-12T14:07:00Z,payments-db-primary,pool_used,41
2026-06-12T14:07:00Z,payments-service,p99_ms,184.0
2026-06-12T14:07:05Z,checkout-service,p99_ms,146.3
2026-06-12T14:07:05Z,payments-db-primary,pool_max,100
2026-06-12T14:07:05Z,payments-db-primary,pool_used,46
2026-06-12T14:07:05Z,payments-service,p99_ms,169.0
2026-06-12T14:07:10Z,checkout-service,p99_ms,151.1
2026-06-12T14:07:10Z,payments-db-primary,pool_max,100
2026-06-12T14:07:10Z,payments-db-primary,pool_used,38
2026-06-12T14:07:10Z,payments-service,p99_ms,187.5
2026-06-12T14:07:15Z,checkout-service,p99_ms,148.9
2026-06-12T14:07:15Z,payments-db-primary,pool_max,100
2026-06-12T14:07:15Z,payments-db-primary,pool_used,39
2026-06-12T14:07:15Z,payments-service,p99_ms,171.9
2026-06-12T14:07:20Z,checkout-service,p99_ms,151.4
2026-06-12T14:07:20Z,payments-db-primary,pool_max,100
2026-06-12T14:07:20Z,payments-db-primary,pool_used,42
2026-06-12T14:07:20Z,payments-service,p99_ms,190.5
2026-06-12T14:07:25Z,checkout-service,p99_ms,155.9
2026-06-12T14:07:25Z,payments-db-primary,pool_max,100
2026-06-12T14:07:25Z,payments-db-primary,pool_used,40
2026-06-12T14:07:25Z,payments-service,p99_ms,183.2
2026-06-12T14:07:30Z,checkout-service,p99_ms,148.1
2026-06-12T14:07:30Z,payments-db-primary,pool_max,100
2026-06-12T14:07:30Z,payments-db-primary,pool_used,44
2026-06-12T14:07:30Z,payments-service,p99_ms,183.8
2026-06-12T14:07:35Z,checkout-service,p99_ms,154.6
2026-06-12T14:07:35Z,payments-db-primary,pool_max,100
2026-06-12T14:07:35Z,payments-db-primary,pool_used,39
2026-06-12T14:07:35Z,payments-service,p99_ms,185.4
2026-06-12T14:07:40Z,checkout-service,p99_ms,147.1
2026-06-12T14:07:40Z,payments-db-primary,pool_max,100
2026-06-12T14:07:40Z,payments-db-primary,pool_used,42
2026-06-12T14:07:40Z,payments-service,p99_ms,189.6
2026-06-12T14:07:45Z,checkout-service,p99_ms,150.2
2026-06-12T14:07:45Z,payments-db-primary,pool_max,100
2026-06-12T14:07:45Z,payments-db-primary,pool_used,40
2026-06-12T14:07:45Z,payments-service,p99_ms,184.1
2026-06-12T14:07:50Z,checkout-service,p99_ms,139.0
2026-06-12T14:07:50Z,payments-db-primary,pool_max,100
2026-06-12T14:07:50Z,payments-db-primary,pool_used,41
2026-06-12T14:07:50Z,payments-service,p99_ms,175.6
2026-06-12T14:07:55Z,checkout-service,p99_ms,149.6
2026-06-12T14:07:55Z,payments-db-primary,pool_max,100
2026-06-12T14:07:55Z,payments-db-primary,pool_used,39
2026-06-12T14:07:55Z,payments-service,p99_ms,176.3
2026-06-12T14:08:00Z,checkout-service,p99_ms,152.5
2026-06-12T14:08:00Z,payments-db-primary,pool_max,100
2026-06-12T14:08:00Z,payments-db-primary,pool_used,40
2026-06-12T14:08:00Z,payments-service,p99_ms,176.8
2026-06-12T14:08:05Z,checkout-service,p99_ms,146.2
2026-06-12T14:08:05Z,payments-db-primary,pool_max,100
2026-06-12T14:08:05Z,payments-db-primary,pool_used,43
2026-06-12T14:08:05Z,payments-service,p99_ms,177.6
2026-06-12T14:08:10Z,checkout-service,p99_ms,147.2
2026-06-12T14:08:10Z,payments-db-primary,pool_max,100
2026-06-12T14:08:10Z,payments-db-primary,pool_used,39
2026-06-12T14:08:10Z,payments-service,p99_ms,189.2
2026-06-12T14:08:15Z,checkout-service,p99_ms,151.7
2026-06-12T14:08:15Z,payments-db-primary,pool_max,100
2026-06-12T14:08:15Z,payments-db-primary,pool_used,36
2026-06-12T14:08:15Z,payments-service,p99_ms,184.5
2026-06-12T14:08:20Z,checkout-service,p99_ms,152.8
2026-06-12T14:08:20Z,payments-db-primary,pool_max,100
2026-06-12T14:08:20Z,payments-db-primary,pool_used,42
2026-06-12T14:08:20Z,payments-service,p99_ms,179.4
2026-06-12T14:08:25Z,checkout-service,p99_ms,149.0
2026-06-12T14:08:25Z,payments-db-primary,pool_max,100
2026-06-12T14:08:25Z,payments-db-primary,pool_used,41
2026-06-12T14:08:25Z,payments-service,p99_ms,185.7
2026-06-12T14:08:30Z,checkout-service,p99_ms,161.0
2026-06-12T14:08:30Z,payments-db-primary,pool_max,100
2026-06-12T14:08:30Z,payments-db-primary,pool_used,37
2026-06-12T14:08:30Z,payments-service,p99_ms,177.1
2026-06-12T14:08:35Z,checkout-service,p99_ms,148.9
2026-06-12T14:08:35Z,payments-db-primary,pool_max,100
2026-06-12T14:08:35Z,payments-db-primary,pool_used,39
2026-06-12T14:08:35Z,payments-service,p99_ms,187.4
2026-06-12T14:08:40Z,checkout-service,p99_ms,149.5
2026-06-12T14:08:40Z,payments-db-primary,pool_max,100
2026-06-12T14:08:40Z,payments-db-primary,pool_used,45
2026-06-12T14:08:40Z,payments-service,p99_ms,173.5
2026-06-12T14:08:45Z,checkout-service,p99_ms,158.8
2026-06-12T14:08:45Z,payments-db-primary,pool_max,100
2026-06-12T14:08:45Z,payments-db-primary,pool_used,40
2026-06-12T14:08:45Z,payments-service,p99_ms,178.1
2026-06-12T14:08:50Z,checkout-service,p99_ms,159.3
2026-06-12T14:08:50Z,payments-db-primary,pool_max,100
2026-06-12T14:08:50Z,payments-db-primary,pool_used,41
2026-06-12T14:08:50Z,payments-service,p99_ms,169.8
2026-06-12T14:08:55Z,checkout-service,p99_ms,154.6
2026-06-12T14:08:55Z,payments-db-primary,pool_max,100
2026-06-12T14:08:55Z,payments-db-primary,pool_used,39
2026-06-12T14:08:55Z,payments-service,p99_ms,180.7
2026-06-12T14:09:00Z,checkout-service,p99_ms,150.2
2026-06-12T14:09:00Z,payments-db-primary,pool_max,100
2026-06-12T14:09:00Z,payments-db-primary,pool_used,40
2026-06-12T14:09:00Z,payments-service,p99_ms,177.8
2026-06-12T14:09:05Z,checkout-service,p99_ms,157.5
2026-06-12T14:09:05Z,payments-db-primary,pool_max,100
2026-06-12T14:09:05Z,payments-db-primary,pool_used,36
2026-06-12T14:09:05Z,payments-service,p99_ms,170.6
2026-06-12T14:09:10Z,checkout-service,p99_ms,149.3
2026-06-12T14:09:10Z,payments-db-primary,pool_max,100
2026-06-12T14:09:10Z,payments-db-primary,pool_used,39
2026-06-12T14:09:10Z,payments-service,p99_ms,176.3
2026-06-12T14:09:15Z,checkout-service,p99_ms,147.7
2026-06-12T14:09:15Z,payments-db-primary,pool_max,100
2026-06-12T14:09:15Z,payments-db-primary,pool_used,37
2026-06-12T14:09:15Z,payments-service,p99_ms,176.1
2026-06-12T14:09:20Z,checkout-service,p99_ms,152.7
2026-06-12T14:09:20Z,payments-db-primary,pool_max,100
2026-06-12T14:09:20Z,payments-db-primary,pool_used,36
2026-06-12T14:09:20Z,payments-service,p99_ms,174.6
2026-06-12T14:09:25Z,checkout-service,p99_ms,151.5
2026-06-12T14:09:25Z,payments-db-primary,pool_max,100
2026-06-12T14:09:25Z,payments-db-primary,pool_used,37
2026-06-12T14:09:25Z,payments-service,p99_ms,172.4
2026-06-12T14:09:30Z,checkout-service,p99_ms,151.4
2026-06-12T14:09:30Z,payments-db-primary,pool_max,100
2026-06-12T14:09:30Z,payments-db-primary,pool_used,39
2026-06-12T14:09:30Z,payments-service,p99_ms,186.5
2026-06-12T14:09:35Z,checkout-service,p99_ms,145.6
2026-06-12T14:09:35Z,payments-db-primary,pool_max,100
2026-06-12T14:09:35Z,payments-db-primary,pool_used,35
2026-06-12T14:09:35Z,payments-service,p99_ms,172.9
2026-06-12T14:09:40Z,checkout-service,p99_ms,143.9
2026-06-12T14:09:40Z,payments-db-primary,pool_max,100
2026-06-12T14:09:40Z,payments-db-primary,pool_used,40
2026-06-12T14:09:40Z,payments-service,p99_ms,189.1
2026-06-12T14:09:45Z,checkout-service,p99_ms,156.7
2026-06-12T14:09:45Z,payments-db-primary,pool_max,100
2026-06-12T14:09:45Z,payments-db-primary,pool_used,43
2026-06-12T14:09:45Z,payments-service,p99_ms,178.9
2026-06-12T14:09:50Z,checkout-service,p99_ms,142.2
2026-06-12T14:09:50Z,payments-db-primary,pool_max,100
2026-06-12T14:09:50Z,payments-db-primary,pool_used,39
2026-06-12T14:09:50Z,payments-service,p99_ms,179.7
2026-06-12T14:09:55Z,checkout-service,p99_ms,156.1
2026-06-12T14:09:55Z,payments-db-primary,pool_max,100
2026-06-12T14:09:55Z,payments-db-primary,pool_used,38
2026-06-12T14:09:55Z,payments-service,p99_ms,178.9
2026-06-12T14:10:00Z,checkout-service,p99_ms,152.4
2026-06-12T14:10:00Z,payments-db-primary,pool_max,100
2026-06-12T14:10:00Z,payments-db-primary,pool_used,40
2026-06-12T14:10:00Z,payments-service,p99_ms,183.0
2026-06-12T14:10:05Z,checkout-service,p99_ms,151.0
2026-06-12T14:10:05Z,payments-db-primary,pool_max,100
2026-06-12T14:10:05Z,payments-db-primary,pool_used,41
2026-06-12T14:10:05Z,payments-service,p99_ms,176.5
2026-06-12T14:10:10Z,checkout-service,p99_ms,143.0
2026-06-12T14:10:10Z,payments-db-primary,pool_max,100
2026-06-12T14:10:10Z,payments-db-primary,pool_used,42
2026-06-12T14:10:10Z,payments-service,p99_ms,171.7
2026-06-12T14:10:15Z,checkout-service,p99_ms,142.1
2026-06-12T14:10:15Z,payments-db-primary,pool_max,100
2026-06-12T14:10:15Z,payments-db-primary,pool_used,42
2026-06-12T14:10:15Z,payments-service,p99_ms,184.3
2026-06-12T14:10:20Z,checkout-service,p99_ms,151.9
2026-06-12T14:10:20Z,payments-db-primary,pool_max,100
2026-06-12T14:10:20Z,payments-db-primary,pool_used,40
2026-06-12T14:10:20Z,payments-service,p99_ms,178.9
2026-06-12T14:10:25Z,checkout-service,p99_ms,158.0
2026-06-12T14:10:25Z,payments-db-primary,pool_max,100
2026-06-12T14:10:25Z,payments-db-primary,pool_used,41
2026-06-12T14:10:25Z,payments-service,p99_ms,188.7
2026-06-12T14:10:30Z,checkout-service,p99_ms,153.4
2026-06-12T14:10:30Z,payments-db-primary,pool_max,100
2026-06-12T14:10:30Z,payments-db-primary,pool_used,40
2026-06-12T14:10:30Z,payments-service,p99_ms,182.3
2026-06-12T14:10:35Z,checkout-service,p99_ms,159.5
2026-06-12T14:10:35Z,payments-db-primary,pool_max,100
2026-06-12T14:10:35Z,payments-db-primary,pool_used,41
2026-06-12T14:10:35Z,payments-service,p99_ms,168.5
2026-06-12T14:10:40Z,checkout-service,p99_ms,149.8
2026-06-12T14:10:40Z,payments-db-primary,pool_max,100
2026-06-12T14:10:40Z,payments-db-primary,pool_used,38
2026-06-12T14:10:40Z,payments-service,p99_ms,183.0
2026-06-12T14:10:45Z,checkout-service,p99_ms,160.1
2026-06-12T14:10:45Z,payments-db-primary,pool_max,100
2026-06-12T14:10:45Z,payments-db-primary,pool_used,42
2026-06-12T14:10:45Z,payments-service,p99_ms,190.0
2026-06-12T14:10:50Z,checkout-service,p99_ms,151.8
2026-06-12T14:10:50Z,payments-db-primary,pool_max,100
2026-06-12T14:10:50Z,payments-db-primary,pool_used,38
2026-06-12T14:10:50Z,payments-service,p99_ms,169.3
2026-06-12T14:10:55Z,checkout-service,p99_ms,156.0
2026-06-12T14:10:55Z,payments-db-primary,pool_max,100
2026-06-12T14:10:55Z,payments-db-primary,pool_used,42
2026-06-12T14:10:55Z,payments-service,p99_ms,181.0
2026-06-12T14:11:00Z,checkout-service,p99_ms,148.1
2026-06-12T14:11:00Z,payments-db-primary,pool_max,100
2026-06-12T14:11:00Z,payments-db-primary,pool_used,44
2026-06-12T14:11:00Z,payments-service,p99_ms,179.0
2026-06-12T14:11:05Z,checkout-service,p99_ms,152.8
2026-06-12T14:11:05Z,payments-db-primary,pool_max,100
2026-06-12T14:11:05Z,payments-db-primary,pool_used,43
2026-06-12T14:11:05Z,payments-service,p99_ms,181.8
2026-06-12T14:11:10Z,checkout-service,p99_ms,151.0
2026-06-12T14:11:10Z,payments-db-primary,pool_max,100
2026-06-12T14:11:10Z,payments-db-primary,pool_used,46
2026-06-12T14:11:10Z,payments-service,p99_ms,170.8
2026-06-12T14:11:15Z,checkout-service,p99_ms,146.3
2026-06-12T14:11:15Z,payments-db-primary,pool_max,100
2026-06-12T14:11:15Z,payments-db-primary,pool_used,49
2026-06-12T14:11:15Z,payments-service,p99_ms,182.7
2026-06-12T14:11:20Z,checkout-service,p99_ms,146.3
2026-06-12T14:11:20Z,payments-db-primary,pool_max,100
2026-06-12T14:11:20Z,payments-db-primary,pool_used,49
2026-06-12T14:11:20Z,payments-service,p99_ms,175.6
2026-06-12T14:11:25Z,checkout-service,p99_ms,159.4
2026-06-12T14:11:25Z,payments-db-primary,pool_max,100
2026-06-12T14:11:25Z,payments-db-primary,pool_used,47
2026-06-12T14:11:25Z,payments-service,p99_ms,183.4
2026-06-12T14:11:30Z,checkout-service,p99_ms,146.6
2026-06-12T14:11:30Z,payments-db-primary,pool_max,100
2026-06-12T14:11:30Z,payments-db-primary,pool_used,54
2026-06-12T14:11:30Z,payments-service,p99_ms,174.7
2026-06-12T14:11:35Z,checkout-service,p99_ms,152.2
2026-06-12T14:11:35Z,payments-db-primary,pool_max,100
2026-06-12T14:11:35Z,payments-db-primary,pool_used,52
2026-06-12T14:11:35Z,payments-service,p99_ms,189.7
2026-06-12T14:11:40Z,checkout-service,p99_ms,153.8
2026-06-12T14:11:40Z,payments-db-primary,pool_max,100
2026-06-12T14:11:40Z,payments-db-primary,pool_used,57
2026-06-12T14:11:40Z,payments-service,p99_ms,178.3
2026-06-12T14:11:45Z,checkout-service,p99_ms,152.9
2026-06-12T14:11:45Z,payments-db-primary,pool_max,100
2026-06-12T14:11:45Z,payments-db-primary,pool_used,56
2026-06-12T14:11:45Z,payments-service,p99_ms,190.8
2026-06-12T14:11:50Z,checkout-service,p99_ms,146.1
2026-06-12T14:11:50Z,payments-db-primary,pool_max,100
2026-06-12T14:11:50Z,payments-db-primary,pool_used,55
2026-06-12T14:11:50Z,payments-service,p99_ms,178.7
2026-06-12T14:11:55Z,checkout-service,p99_ms,151.2
2026-06-12T14:11:55Z,payments-db-primary,pool_max,100
2026-06-12T14:11:55Z,payments-db-primary,pool_used,59
2026-06-12T14:11:55Z,payments-service,p99_ms,195.4
2026-06-12T14:12:00Z,checkout-service,p99_ms,149.6
2026-06-12T14:12:00Z,payments-db-primary,pool_max,100
2026-06-12T14:12:00Z,payments-db-primary,pool_used,59
2026-06-12T14:12:00Z,payments-service,p99_ms,182.2
2026-06-12T14:12:05Z,checkout-service,p99_ms,152.3
2026-06-12T14:12:05Z,payments-db-primary,pool_max,100
2026-06-12T14:12:05Z,payments-db-primary,pool_used,58
2026-06-12T14:12:05Z,payments-service,p99_ms,192.0
2026-06-12T14:12:10Z,checkout-service,p99_ms,145.8
2026-06-12T14:12:10Z,payments-db-primary,pool_max,100
2026-06-12T14:12:10Z,payments-db-primary,pool_used,64
2026-06-12T14:12:10Z,payments-service,p99_ms,189.1
2026-06-12T14:12:15Z,checkout-service,p99_ms,156.3
2026-06-12T14:12:15Z,payments-db-primary,pool_max,100
2026-06-12T14:12:15Z,payments-db-primary,pool_used,62
2026-06-12T14:12:15Z,payments-service,p99_ms,189.7
2026-06-12T14:12:20Z,checkout-service,p99_ms,148.5
2026-06-12T14:12:20Z,payments-db-primary,pool_max,100
2026-06-12T14:12:20Z,payments-db-primary,pool_used,66
2026-06-12T14:12:20Z,payments-service,p99_ms,187.7
2026-06-12T14:12:25Z,checkout-service,p99_ms,151.5
2026-06-12T14:12:25Z,payments-db-primary,pool_max,100
2026-06-12T14:12:25Z,payments-db-primary,pool_used,67
2026-06-12T14:12:25Z,payments-service,p99_ms,190.3
2026-06-12T14:12:30Z,checkout-service,p99_ms,154.1
2026-06-12T14:12:30Z,payments-db-primary,pool_max,100
2026-06-12T14:12:30Z,payments-db-primary,pool_used,69
2026-06-12T14:12:30Z,payments-service,p99_ms,169.4
2026-06-12T14:12:35Z,checkout-service,p99_ms,158.2
2026-06-12T14:12:35Z,payments-db-primary,pool_max,100
2026-06-12T14:12:35Z,payments-db-primary,pool_used,70
2026-06-12T14:12:35Z,payments-service,p99_ms,171.7
2026-06-12T14:12:40Z,checkout-service,p99_ms,156.1
2026-06-12T14:12:40Z,payments-db-primary,pool_max,100
2026-06-12T14:12:40Z,payments-db-primary,pool_used,70
2026-06-12T14:12:40Z,payments-service,p99_ms,171.7
2026-06-12T14:12:45Z,checkout-service,p99_ms,156.1
2026-06-12T14:12:45Z,payments-db-primary,pool_max,100
2026-06-12T14:12:45Z,payments-db-primary,pool_used,73
2026-06-12T14:12:45Z,payments-service,p99_ms,170.2
2026-06-12T14:12:50Z,checkout-service,p99_ms,153.6
2026-06-12T14:12:50Z,payments-db-primary,pool_max,100
2026-06-12T14:12:50Z,payments-db-primary,pool_used,71
2026-06-12T14:12:50Z,payments-service,p99_ms,175.6
2026-06-12T14:12:55Z,checkout-service,p99_ms,153.0
2026-06-12T14:12:55Z,payments-db-primary,pool_max,100
2026-06-12T14:12:55Z,payments-db-primary,pool_used,72
2026-06-12T14:12:55Z,payments-service,p99_ms,189.8
2026-06-12T14:13:00Z,checkout-service,p99_ms,149.7
2026-06-12T14:13:00Z,payments-db-primary,pool_max,100
2026-06-12T14:13:00Z,payments-db-primary,pool_used,76
2026-06-12T14:13:00Z,payments-service,p99_ms,172.5
2026-06-12T14:13:05Z,checkout-service,p99_ms,157.5
2026-06-12T14:13:05Z,payments-db-primary,pool_max,100
2026-06-12T14:13:05Z,payments-db-primary,pool_used,74
2026-06-12T14:13:05Z,payments-service,p99_ms,182.7
2026-06-12T14:13:10Z,checkout-service,p99_ms,158.8
2026-06-12T14:13:10Z,payments-db-primary,pool_max,100
2026-06-12T14:13:10Z,payments-db-primary,pool_used,79
2026-06-12T14:13:10Z,payments-service,p99_ms,188.2
2026-06-12T14:13:15Z,checkout-service,p99_ms,150.5
2026-06-12T14:13:15Z,payments-db-primary,pool_max,100
2026-06-12T14:13:15Z,payments-db-primary,pool_used,79
2026-06-12T14:13:15Z,payments-service,p99_ms,179.4
2026-06-12T14:13:20Z,checkout-service,p99_ms,147.4
2026-06-12T14:13:20Z,payments-db-primary,pool_max,100
2026-06-12T14:13:20Z,payments-db-primary,pool_used,82
2026-06-12T14:13:20Z,payments-service,p99_ms,185.8
2026-06-12T14:13:25Z,checkout-service,p99_ms,148.5
2026-06-12T14:13:25Z,payments-db-primary,pool_max,100
2026-06-12T14:13:25Z,payments-db-primary,pool_used,85
2026-06-12T14:13:25Z,payments-service,p99_ms,193.0
2026-06-12T14:13:30Z,checkout-service,p99_ms,151.2
2026-06-12T14:13:30Z,payments-db-primary,pool_max,100
2026-06-12T14:13:30Z,payments-db-primary,pool_used,81
2026-06-12T14:13:30Z,payments-service,p99_ms,212.0
2026-06-12T14:13:35Z,checkout-service,p99_ms,153.5
2026-06-12T14:13:35Z,payments-db-primary,pool_max,100
2026-06-12T14:13:35Z,payments-db-primary,pool_used,85
2026-06-12T14:13:35Z,payments-service,p99_ms,222.5
2026-06-12T14:13:40Z,checkout-service,p99_ms,156.5
2026-06-12T14:13:40Z,payments-db-primary,pool_max,100
2026-06-12T14:13:40Z,payments-db-primary,pool_used,89
2026-06-12T14:13:40Z,payments-service,p99_ms,282.6
2026-06-12T14:13:45Z,checkout-service,p99_ms,143.7
2026-06-12T14:13:45Z,payments-db-primary,pool_max,100
2026-06-12T14:13:45Z,payments-db-primary,pool_used,85
2026-06-12T14:13:45Z,payments-service,p99_ms,320.3
2026-06-12T14:13:50Z,checkout-service,p99_ms,153.3
2026-06-12T14:13:50Z,payments-db-primary,pool_max,100
2026-06-12T14:13:50Z,payments-db-primary,pool_used,88
2026-06-12T14:13:50Z,payments-service,p99_ms,387.3
2026-06-12T14:13:55Z,checkout-service,p99_ms,149.0
2026-06-12T14:13:55Z,payments-db-primary,pool_max,100
2026-06-12T14:13:55Z,payments-db-primary,pool_used,91
2026-06-12T14:13:55Z,payments-service,p99_ms,466.9
2026-06-12T14:14:00Z,checkout-service,p99_ms,147.9
2026-06-12T14:14:00Z,payments-db-primary,pool_max,100
2026-06-12T14:14:00Z,payments-db-primary,pool_used,93
2026-06-12T14:14:00Z,payments-service,p99_ms,536.7
2026-06-12T14:14:05Z,checkout-service,p99_ms,149.3
2026-06-12T14:14:05Z,payments-db-primary,pool_max,100
2026-06-12T14:14:05Z,payments-db-primary,pool_used,96
2026-06-12T14:14:05Z,payments-service,p99_ms,638.3
2026-06-12T14:14:10Z,checkout-service,p99_ms,150.1
2026-06-12T14:14:10Z,payments-db-primary,pool_max,100
2026-06-12T14:14:10Z,payments-db-primary,pool_used,95
2026-06-12T14:14:10Z,payments-service,p99_ms,742.7
2026-06-12T14:14:15Z,checkout-service,p99_ms,149.3
2026-06-12T14:14:15Z,payments-db-primary,pool_max,100
2026-06-12T14:14:15Z,payments-db-primary,pool_used,96
2026-06-12T14:14:15Z,payments-service,p99_ms,863.8
2026-06-12T14:14:20Z,checkout-service,p99_ms,157.1
2026-06-12T14:14:20Z,payments-db-primary,pool_max,100
2026-06-12T14:14:20Z,payments-db-primary,pool_used,97
2026-06-12T14:14:20Z,payments-service,p99_ms,984.9
2026-06-12T14:14:25Z,checkout-service,p99_ms,170.7
2026-06-12T14:14:25Z,payments-db-primary,pool_max,100
2026-06-12T14:14:25Z,payments-db-primary,pool_used,98
2026-06-12T14:14:25Z,payments-service,p99_ms,1119.4
2026-06-12T14:14:30Z,checkout-service,p99_ms,170.9
2026-06-12T14:14:30Z,payments-db-primary,pool_max,100
2026-06-12T14:14:30Z,payments-db-primary,pool_used,100
2026-06-12T14:14:30Z,payments-service,p99_ms,1301.2
2026-06-12T14:14:35Z,checkout-service,p99_ms,173.4
2026-06-12T14:14:35Z,payments-db-primary,pool_max,100
2026-06-12T14:14:35Z,payments-db-primary,pool_used,100
2026-06-12T14:14:35Z,payments-service,p99_ms,1444.4
2026-06-12T14:14:40Z,checkout-service,p99_ms,189.1
2026-06-12T14:14:40Z,payments-db-primary,pool_max,100
2026-06-12T14:14:40Z,payments-db-primary,pool_used,100
2026-06-12T14:14:40Z,payments-service,p99_ms,1627.7
2026-06-12T14:14:45Z,checkout-service,p99_ms,200.0
2026-06-12T14:14:45Z,payments-db-primary,pool_max,100
2026-06-12T14:14:45Z,payments-db-primary,pool_used,100
2026-06-12T14:14:45Z,payments-service,p99_ms,1832.3
2026-06-12T14:14:50Z,checkout-service,p99_ms,206.1
2026-06-12T14:14:50Z,payments-db-primary,pool_max,100
2026-06-12T14:14:50Z,payments-db-primary,pool_used,100
2026-06-12T14:14:50Z,payments-service,p99_ms,2032.8
2026-06-12T14:14:55Z,checkout-service,p99_ms,214.9
2026-06-12T14:14:55Z,payments-db-primary,pool_max,100
2026-06-12T14:14:55Z,payments-db-primary,pool_used,100
2026-06-12T14:14:55Z,payments-service,p99_ms,2216.8
2026-06-12T14:15:00Z,checkout-service,p99_ms,234.4
2026-06-12T14:15:00Z,payments-db-primary,pool_max,100
2026-06-12T14:15:00Z,payments-db-primary,pool_used,100
2026-06-12T14:15:00Z,payments-service,p99_ms,2466.1
2026-06-12T14:15:05Z,checkout-service,p99_ms,255.2
2026-06-12T14:15:05Z,payments-db-primary,pool_max,100
2026-06-12T14:15:05Z,payments-db-primary,pool_used,100
2026-06-12T14:15:05Z,payments-service,p99_ms,2461.5
2026-06-12T14:15:10Z,checkout-service,p99_ms,267.7
2026-06-12T14:15:10Z,payments-db-primary,pool_max,100
2026-06-12T14:15:10Z,payments-db-primary,pool_used,100
2026-06-12T14:15:10Z,payments-service,p99_ms,2528.3
2026-06-12T14:15:15Z,checkout-service,p99_ms,292.0
2026-06-12T14:15:15Z,payments-db-primary,pool_max,100
2026-06-12T14:15:15Z,payments-db-primary,pool_used,100
2026-06-12T14:15:15Z,payments-service,p99_ms,2623.5
2026-06-12T14:15:20Z,checkout-service,p99_ms,298.1
2026-06-12T14:15:20Z,payments-db-primary,pool_max,100
2026-06-12T14:15:20Z,payments-db-primary,pool_used,100
2026-06-12T14:15:20Z,payments-service,p99_ms,2749.3
2026-06-12T14:15:25Z,checkout-service,p99_ms,319.0
2026-06-12T14:15:25Z,payments-db-primary,pool_max,100
2026-06-12T14:15:25Z,payments-db-primary,pool_used,100
2026-06-12T14:15:25Z,payments-service,p99_ms,2818.2
2026-06-12T14:15:30Z,checkout-service,p99_ms,337.6
2026-06-12T14:15:30Z,payments-db-primary,pool_max,100
2026-06-12T14:15:30Z,payments-db-primary,pool_used,100
2026-06-12T14:15:30Z,payments-service,p99_ms,2908.5
2026-06-12T14:15:35Z,checkout-service,p99_ms,339.5
2026-06-12T14:15:35Z,payments-db-primary,pool_max,100
2026-06-12T14:15:35Z,payments-db-primary,pool_used,100
2026-06-12T14:15:35Z,payments-service,p99_ms,3041.5
2026-06-12T14:15:40Z,checkout-service,p99_ms,358.7
2026-06-12T14:15:40Z,payments-db-primary,pool_max,100
2026-06-12T14:15:40Z,payments-db-primary,pool_used,100
2026-06-12T14:15:40Z,payments-service,p99_ms,3090.2
2026-06-12T14:15:45Z,checkout-service,p99_ms,381.8
2026-06-12T14:15:45Z,payments-db-primary,pool_max,100
2026-06-12T14:15:45Z,payments-db-primary,pool_used,100
2026-06-12T14:15:45Z,payments-service,p99_ms,3173.4
2026-06-12T14:15:50Z,checkout-service,p99_ms,379.9
2026-06-12T14:15:50Z,payments-db-primary,pool_max,100
2026-06-12T14:15:50Z,payments-db-primary,pool_used,100
2026-06-12T14:15:50Z,payments-service,p99_ms,3142.6
2026-06-12T14:15:55Z,checkout-service,p99_ms,389.3
2026-06-12T14:15:55Z,payments-db-primary,pool_max,100
2026-06-12T14:15:55Z,payments-db-primary,pool_used,100
2026-06-12T14:15:55Z,payments-service,p99_ms,3220.3
2026-06-12T14:16:00Z,checkout-service,p99_ms,401.3
2026-06-12T14:16:00Z,payments-db-primary,pool_max,100
2026-06-12T14:16:00Z,payments-db-primary,pool_used,100
2026-06-12T14:16:00Z,payments-service,p99_ms,3232.9
2026-06-12T14:16:05Z,checkout-service,p99_ms,403.2
2026-06-12T14:16:05Z,payments-db-primary,pool_max,100
2026-06-12T14:16:05Z,payments-db-primary,pool_used,100
2026-06-12T14:16:05Z,payments-service,p99_ms,3216.4
2026-06-12T14:16:10Z,checkout-service,p99_ms,416.5
2026-06-12T14:16:10Z,payments-db-primary,pool_max,100
2026-06-12T14:16:10Z,payments-db-primary,pool_used,100
2026-06-12T14:16:10Z,payments-service,p99_ms,3224.3
2026-06-12T14:16:15Z,checkout-service,p99_ms,421.8
2026-06-12T14:16:15Z,payments-db-primary,pool_max,100
2026-06-12T14:16:15Z,payments-db-primary,pool_used,100
2026-06-12T14:16:15Z,payments-service,p99_ms,3141.4
2026-06-12T14:16:20Z,checkout-service,p99_ms,411.7
2026-06-12T14:16:20Z,payments-db-primary,pool_max,100
2026-06-12T14:16:20Z,payments-db-primary,pool_used,100
2026-06-12T14:16:20Z,payments-service,p99_ms,3168.3
2026-06-12T14:16:25Z,checkout-service,p99_ms,433.7
2026-06-12T14:16:25Z,payments-db-primary,pool_max,100
2026-06-12T14:16:25Z,payments-db-primary,pool_used,100
2026-06-12T14:16:25Z,payments-service,p99_ms,3214.8
2026-06-12T14:16:30Z,checkout-service,p99_ms,423.1
2026-06-12T14:16:30Z,payments-db-primary,pool_max,100
2026-06-12T14:16:30Z,payments-db-primary,pool_used,100
2026-06-12T14:16:30Z,payments-service,p99_ms,3164.7
2026-06-12T14:16:35Z,checkout-service,p99_ms,408.8
2026-06-12T14:16:35Z,payments-db-primary,pool_max,100
2026-06-12T14:16:35Z,payments-db-primary,pool_used,100
2026-06-12T14:16:35Z,payments-service,p99_ms,3204.3
2026-06-12T14:16:40Z,checkout-service,p99_ms,427.4
2026-06-12T14:16:40Z,payments-db-primary,pool_max,100
2026-06-12T14:16:40Z,payments-db-primary,pool_used,100
2026-06-12T14:16:40Z,payments-service,p99_ms,3217.3
2026-06-12T14:16:45Z,checkout-service,p99_ms,412.8
2026-06-12T14:16:45Z,payments-db-primary,pool_max,100
2026-06-12T14:16:45Z,payments-db-primary,pool_used,100
2026-06-12T14:16:45Z,payments-service,p99_ms,3221.1
2026-06-12T14:16:50Z,checkout-service,p99_ms,421.4
2026-06-12T14:16:50Z,payments-db-primary,pool_max,100
2026-06-12T14:16:50Z,payments-db-primary,pool_used,100
2026-06-12T14:16:50Z,payments-service,p99_ms,3236.6
2026-06-12T14:16:55Z,checkout-service,p99_ms,425.2
2026-06-12T14:16:55Z,payments-db-primary,pool_max,100
2026-06-12T14:16:55Z,payments-db-primary,pool_used,100
2026-06-12T14:16:55Z,payments-service,p99_ms,3112.0
2026-06-12T14:17:00Z,checkout-service,p99_ms,418.0
2026-06-12T14:17:00Z,payments-db-primary,pool_max,100
2026-06-12T14:17:00Z,payments-db-primary,pool_used,100
2026-06-12T14:17:00Z,payments-service,p99_ms,3148.1
2026-06-12T14:17:05Z,checkout-service,p99_ms,426.1
2026-06-12T14:17:05Z,payments-db-primary,pool_max,100
2026-06-12T14:17:05Z,payments-db-primary,pool_used,100
2026-06-12T14:17:05Z,payments-service,p99_ms,3196.6
2026-06-12T14:17:10Z,checkout-service,p99_ms,417.6
2026-06-12T14:17:10Z,payments-db-primary,pool_max,100
2026-06-12T14:17:10Z,payments-db-primary,pool_used,100
2026-06-12T14:17:10Z,payments-service,p99_ms,3162.3
2026-06-12T14:17:15Z,checkout-service,p99_ms,427.1
2026-06-12T14:17:15Z,payments-db-primary,pool_max,100
2026-06-12T14:17:15Z,payments-db-primary,pool_used,100
2026-06-12T14:17:15Z,payments-service,p99_ms,3118.5
2026-06-12T14:17:20Z,checkout-service,p99_ms,419.5
2026-06-12T14:17:20Z,payments-db-primary,pool_max,100
2026-06-12T14:17:20Z,payments-db-primary,pool_used,100
2026-06-12T14:17:20Z,payments-service,p99_ms,3203.6
2026-06-12T14:17:25Z,checkout-service,p99_ms,410.5
2026-06-12T14:17:25Z,payments-db-primary,pool_max,100
2026-06-12T14:17:25Z,payments-db-primary,pool_used,100
2026-06-12T14:17:25Z,payments-service,p99_ms,3185.5
2026-06-12T14:17:30Z,checkout-service,p99_ms,437.6
2026-06-12T14:17:30Z,payments-db-primary,pool_max,100
2026-06-12T14:17:30Z,payments-db-primary,pool_used,100
2026-06-12T14:17:30Z,payments-service,p99_ms,3211.1
2026-06-12T14:17:35Z,checkout-service,p99_ms,404.2
2026-06-12T14:17:35Z,payments-db-primary,pool_max,100
2026-06-12T14:17:35Z,payments-db-primary,pool_used,100
2026-06-12T14:17:35Z,payments-service,p99_ms,3227.0
2026-06-12T14:17:40Z,checkout-service,p99_ms,429.4
2026-06-12T14:17:40Z,payments-db-primary,pool_max,100
2026-06-12T14:17:40Z,payments-db-primary,pool_used,100
2026-06-12T14:17:40Z,payments-service,p99_ms,3227.9
2026-06-12T14:17:45Z,checkout-service,p99_ms,420.2
2026-06-12T14:17:45Z,payments-db-primary,pool_max,100
2026-06-12T14:17:45Z,payments-db-primary,pool_used,100
2026-06-12T14:17:45Z,payments-service,p99_ms,3232.4
2026-06-12T14:17:50Z,checkout-service,p99_ms,424.6
2026-06-12T14:17:50Z,payments-db-primary,pool_max,100
2026-06-12T14:17:50Z,payments-db-primary,pool_used,100
2026-06-12T14:17:50Z,payments-service,p99_ms,3172.1
2026-06-12T14:17:55Z,checkout-service,p99_ms,437.6
2026-06-12T14:17:55Z,payments-db-primary,pool_max,100
2026-06-12T14:17:55Z,payments-db-primary,pool_used,100
2026-06-12T14:17:55Z,payments-service,p99_ms,3178.4
2026-06-12T14:18:00Z,checkout-service,p99_ms,430.5
2026-06-12T14:18:00Z,payments-db-primary,pool_max,100
2026-06-12T14:18:00Z,payments-db-primary,pool_used,100
2026-06-12T14:18:00Z,payments-service,p99_ms,3235.3
2026-06-12T14:18:05Z,checkout-service,p99_ms,426.7
2026-06-12T14:18:05Z,payments-db-primary,pool_max,100
2026-06-12T14:18:05Z,payments-db-primary,pool_used,100
2026-06-12T14:18:05Z,payments-service,p99_ms,3209.6
2026-06-12T14:18:10Z,checkout-service,p99_ms,429.3
2026-06-12T14:18:10Z,payments-db-primary,pool_max,100
2026-06-12T14:18:10Z,payments-db-primary,pool_used,100
2026-06-12T14:18:10Z,payments-service,p99_ms,3196.4
2026-06-12T14:18:15Z,checkout-service,p99_ms,415.0
2026-06-12T14:18:15Z,payments-db-primary,pool_max,100
2026-06-12T14:18:15Z,payments-db-primary,pool_used,100
2026-06-12T14:18:15Z,payments-service,p99_ms,3139.8
2026-06-12T14:18:20Z,checkout-service,p99_ms,431.4
2026-06-12T14:18:20Z,payments-db-primary,pool_max,100
2026-06-12T14:18:20Z,payments-db-primary,pool_used,100
2026-06-12T14:18:20Z,payments-service,p99_ms,3285.1
2026-06-12T14:18:25Z,checkout-service,p99_ms,433.0
2026-06-12T14:18:25Z,payments-db-primary,pool_max,100
2026-06-12T14:18:25Z,payments-db-primary,pool_used,100
2026-06-12T14:18:25Z,payments-service,p99_ms,3215.0
2026-06-12T14:18:30Z,checkout-service,p99_ms,425.4
2026-06-12T14:18:30Z,payments-db-primary,pool_max,100
2026-06-12T14:18:30Z,payments-db-primary,pool_used,100
2026-06-12T14:18:30Z,payments-service,p99_ms,3227.6
2026-06-12T14:18:35Z,checkout-service,p99_ms,420.1
2026-06-12T14:18:35Z,payments-db-primary,pool_max,100
2026-06-12T14:18:35Z,payments-db-primary,pool_used,100
2026-06-12T14:18:35Z,payments-service,p99_ms,3183.3
2026-06-12T14:18:40Z,checkout-service,p99_ms,437.6
2026-06-12T14:18:40Z,payments-db-primary,pool_max,100
2026-06-12T14:18:40Z,payments-db-primary,pool_used,100
2026-06-12T14:18:40Z,payments-service,p99_ms,3144.4
2026-06-12T14:18:45Z,checkout-service,p99_ms,418.9
2026-06-12T14:18:45Z,payments-db-primary,pool_max,100
2026-06-12T14:18:45Z,payments-db-primary,pool_used,100
2026-06-12T14:18:45Z,payments-service,p99_ms,3228.9
2026-06-12T14:18:50Z,checkout-service,p99_ms,419.5
2026-06-12T14:18:50Z,payments-db-primary,pool_max,100
2026-06-12T14:18:50Z,payments-db-primary,pool_used,100
2026-06-12T14:18:50Z,payments-service,p99_ms,3186.8
2026-06-12T14:18:55Z,checkout-service,p99_ms,410.3
2026-06-12T14:18:55Z,payments-db-primary,pool_max,100
2026-06-12T14:18:55Z,payments-db-primary,pool_used,100
2026-06-12T14:18:55Z,payments-service,p99_ms,3204.3
2026-06-12T14:19:00Z,checkout-service,p99_ms,411.0
2026-06-12T14:19:00Z,payments-db-primary,pool_max,100
2026-06-12T14:19:00Z,payments-db-primary,pool_used,100
2026-06-12T14:19:00Z,payments-service,p99_ms,3167.8
2026-06-12T14:19:05Z,checkout-service,p99_ms,429.1
2026-06-12T14:19:05Z,payments-db-primary,pool_max,100
2026-06-12T14:19:05Z,payments-db-primary,pool_used,100
2026-06-12T14:19:05Z,payments-service,p99_ms,3176.1
2026-06-12T14:19:10Z,checkout-service,p99_ms,415.2
2026-06-12T14:19:10Z,payments-db-primary,pool_max,100
2026-06-12T14:19:10Z,payments-db-primary,pool_used,100
2026-06-12T14:19:10Z,payments-service,p99_ms,3161.3
2026-06-12T14:19:15Z,checkout-service,p99_ms,421.1
2026-06-12T14:19:15Z,payments-db-primary,pool_max,100
2026-06-12T14:19:15Z,payments-db-primary,pool_used,100
2026-06-12T14:19:15Z,payments-service,p99_ms,3132.6
2026-06-12T14:19:20Z,checkout-service,p99_ms,415.7
2026-06-12T14:19:20Z,payments-db-primary,pool_max,100
2026-06-12T14:19:20Z,payments-db-primary,pool_used,100
2026-06-12T14:19:20Z,payments-service,p99_ms,3238.1
2026-06-12T14:19:25Z,checkout-service,p99_ms,426.3
2026-06-12T14:19:25Z,payments-db-primary,pool_max,100
2026-06-12T14:19:25Z,payments-db-primary,pool_used,100
2026-06-12T14:19:25Z,payments-service,p99_ms,3238.4
2026-06-12T14:19:30Z,checkout-service,p99_ms,426.0
2026-06-12T14:19:30Z,payments-db-primary,pool_max,100
2026-06-12T14:19:30Z,payments-db-primary,pool_used,100
2026-06-12T14:19:30Z,payments-service,p99_ms,3166.7
2026-06-12T14:19:35Z,checkout-service,p99_ms,423.9
2026-06-12T14:19:35Z,payments-db-primary,pool_max,100
2026-06-12T14:19:35Z,payments-db-primary,pool_used,100
2026-06-12T14:19:35Z,payments-service,p99_ms,3213.0
2026-06-12T14:19:40Z,checkout-service,p99_ms,427.9
2026-06-12T14:19:40Z,payments-db-primary,pool_max,100
2026-06-12T14:19:40Z,payments-db-primary,pool_used,100
2026-06-12T14:19:40Z,payments-service,p99_ms,3181.4
2026-06-12T14:19:45Z,checkout-service,p99_ms,424.1
2026-06-12T14:19:45Z,payments-db-primary,pool_max,100
2026-06-12T14:19:45Z,payments-db-primary,pool_used,100
2026-06-12T14:19:45Z,payments-service,p99_ms,3262.2
2026-06-12T14:19:50Z,checkout-service,p99_ms,416.5
2026-06-12T14:19:50Z,payments-db-primary,pool_max,100
2026-06-12T14:19:50Z,payments-db-primary,pool_used,100
2026-06-12T14:19:50Z,payments-service,p99_ms,3171.9
2026-06-12T14:19:55Z,checkout-service,p99_ms,424.4
2026-06-12T14:19:55Z,payments-db-primary,pool_max,100
2026-06-12T14:19:55Z,payments-db-primary,pool_used,100
2026-06-12T14:19:55Z,payments-service,p99_ms,3135.4
